[{"routes": [{"color": 16711680, "name": "1\u53f7\u7ebf|Line one||D", "number": "", "type": "train_normal", "stations": ["-5101268377230461_16711680"], "durations": [], "densities": [0], "circular": ""}, {"color": 1278698, "name": "21\u53f7\u7ebf|Line 21||1", "number": "", "type": "train_normal", "stations": ["1316092112978775360_1278698", "-5101268377230461_1278698", "6465402951031098240_1278698", "-8112502213196699915_1278698"], "durations": [0.0, 0.0, 0.0], "densities": [0, 0, 0, 0], "circular": ""}, {"color": 16711680, "name": "1\u53f7\u7ebf|Line one||U", "number": "", "type": "train_normal", "stations": ["-5101268377230461_16711680"], "durations": [], "densities": [0], "circular": ""}, {"color": 8194967, "name": "\u7ea2\u6e7e\u7ebf\u5feb\u7ebf|Hongwan Fast Line||1", "number": "", "type": "train_normal", "stations": ["-5101268377230461_8194967", "2960113715499885865_8194967"], "durations": [1463.0], "densities": [0, 0], "circular": ""}, {"color": 9903883, "name": "\u7ea2\u6e7e\u7ebf|Hongwan Line||1", "number": "", "type": "train_normal", "stations": ["-5101268377230461_9903883", "-1206754258479290097_9903883", "2960113715499885865_9903883"], "durations": [944.0, 1231.0], "densities": [0, 0, 0], "circular": ""}, {"color": 7471722, "name": "DJ1203", "number": "", "type": "train_normal", "stations": ["4225792929785057552_7471722", "-5101268377230461_7471722", "4225792929785057552_7471722"], "durations": [0.0, 0.0], "densities": [0, 0, 0], "circular": ""}, {"color": 2578325, "name": "\u57ce\u9645\u94c1\u8def|Intercity railway|B", "number": "C0055", "type": "train_high_speed", "stations": ["1855931243196467737_2578325", "2960113715499885865_2578325", "-5101268377230461_2578325", "4225792929785057552_2578325"], "durations": [0.0, 0.0, 0.0], "densities": [0, 0, 0, 0], "circular": ""}, {"color": 1278698, "name": "21\u53f7\u7ebf|Line 21||2", "number": "", "type": "train_normal", "stations": [], "durations": [], "densities": [], "circular": ""}, {"color": 8194967, "name": "\u7ea2\u6e7e\u7ebf\u5feb\u7ebf|Hongwan Fast Line||2", "number": "", "type": "train_normal", "stations": ["2960113715499885865_8194967", "-5101268377230461_8194967"], "durations": [1459.0], "densities": [0, 0], "circular": ""}, {"color": 2578325, "name": "\u57ce\u9645\u94c1\u8def|Intercity railway|A", "number": "C0056", "type": "train_high_speed", "stations": ["4225792929785057552_2578325", "-5101268377230461_2578325", "2960113715499885865_2578325", "1855931243196467737_2578325"], "durations": [0.0, 0.0, 0.0], "densities": [0, 0, 0, 0], "circular": ""}, {"color": 14279275, "name": "1\u8def", "number": "", "type": "train_normal", "stations": ["6465402951031098240_14279275", "-5101268377230461_14279275", "4225792929785057552_14279275", "4225792929785057552_14279275", "-5101268377230461_14279275", "6465402951031098240_14279275"], "durations": [1299.0, 1761.0, 288.0, 1563.0, 3279.0], "densities": [0, 0, 0, 0, 0, 0, 0, 0], "circular": ""}, {"color": 9903883, "name": "\u7ea2\u6e7e\u7ebf|Hongwan Line||2", "number": "", "type": "train_normal", "stations": ["2960113715499885865_9903883", "-1206754258479290097_9903883", "-5101268377230461_9903883"], "durations": [1233.0, 943.0], "densities": [0, 0, 0], "circular": ""}], "positions": {"-5101268377230461_16711680": {"x": 39, "y": 78, "vertical": true}, "1316092112978775360_1278698": {"x": 501, "y": -20, "vertical": false}, "-5101268377230461_1278698": {"x": 38, "y": 13, "vertical": true}, "6465402951031098240_1278698": {"x": 15, "y": 1119, "vertical": true}, "-8112502213196699915_1278698": {"x": 538, "y": 260, "vertical": true}, "-5101268377230461_8194967": {"x": 39, "y": 18, "vertical": true}, "2960113715499885865_8194967": {"x": 39, "y": -1025, "vertical": true}, "-5101268377230461_9903883": {"x": 39, "y": 18, "vertical": true}, "-1206754258479290097_9903883": {"x": 39, "y": -384, "vertical": true}, "2960113715499885865_9903883": {"x": 39, "y": -1025, "vertical": true}, "4225792929785057552_7471722": {"x": -314, "y": 177, "vertical": false}, "-5101268377230461_7471722": {"x": 6, "y": 68, "vertical": true}, "1855931243196467737_2578325": {"x": 27, "y": -2977, "vertical": true}, "2960113715499885865_2578325": {"x": 3, "y": -1139, "vertical": true}, "-5101268377230461_2578325": {"x": 39, "y": 68, "vertical": true}, "4225792929785057552_2578325": {"x": -314, "y": 171, "vertical": false}, "6465402951031098240_14279275": {"x": 59, "y": 1083, "vertical": true}, "-5101268377230461_14279275": {"x": 14, "y": -24, "vertical": true}, "4225792929785057552_14279275": {"x": -396, "y": 27, "vertical": false}}, "stations": {"-5101268377230461": {"name": "\u83b1\u6069\u65b0\u57ce|Leon new city", "color": 3506528, "zone": 0, "x": 35, "z": 69, "connections": []}, "1316092112978775360": {"name": "\u83b1\u6069\u4e1c|Leon  East", "color": 3722392, "zone": 0, "x": 507, "z": -31, "connections": []}, "6465402951031098240": {"name": "\u4f53\u80b2\u9986\uff08\u534a\u6210\u54c1\uff09|TiYuGuan(BanChengPing)", "color": 3479441, "zone": 0, "x": 41, "z": 1119, "connections": []}, "-8112502213196699915": {"name": "\u5b87\u5b99\u4e2d\u5fc3|Space Center", "color": 10633146, "zone": 0, "x": 541, "z": 233, "connections": []}, "2960113715499885865": {"name": "\u6811\u6797|woods", "color": 6492939, "zone": 0, "x": 40, "z": -1101, "connections": []}, "-1206754258479290097": {"name": "\u6df1\u6a61\u6e7e|Shenxiang Bay", "color": 7088121, "zone": 0, "x": 42, "z": -378, "connections": []}, "4225792929785057552": {"name": "\u83b1\u6069\u897f\u7ad9|Leon West Station", "color": 8669222, "zone": 78, "x": -324, "z": 109, "connections": []}, "1855931243196467737": {"name": "\u7af9\u6d77|Bamboo Sea", "color": 15190062, "zone": 0, "x": -3, "z": -2991, "connections": []}}, "types": ["train_normal", "train_high_speed"]}, {"routes": [], "positions": {}, "stations": {}, "types": []}, {"routes": [], "positions": {}, "stations": {}, "types": []}]